{"cameraMode":{"drawMode":0,"name":"Shaded","section":"Shading Mode"},"sceneLighting":true,"audioPlay":false,"sceneViewState":{"showFog":true,"showMaterialUpdate":false,"showSkybox":true,"showFlares":true,"showImageEffects":true,"showParticleSystems":true},"in2DMode":false,"pivot":{"x":0.15041327476501466,"y":0.0011265277862548829,"z":-28.080129623413087},"rotation":{"x":0.0011225102934986354,"y":0.9988291263580322,"z":-0.03897411376237869,"w":0.02877023257315159},"size":27.29595375061035,"orthographic":false}